{"IcoMoonType":"selection","icons":[{"icon":{"paths":["M438.857 585.143v219.429c0 40-33.143 73.143-73.143 73.143h-292.571c-40 0-73.143-33.143-73.143-73.143v-219.429c0-40 33.143-73.143 73.143-73.143h292.571c40 0 73.143 33.143 73.143 73.143zM438.857 146.286v219.429c0 40-33.143 73.143-73.143 73.143h-292.571c-40 0-73.143-33.143-73.143-73.143v-219.429c0-40 33.143-73.143 73.143-73.143h292.571c40 0 73.143 33.143 73.143 73.143zM950.857 585.143v219.429c0 40-33.143 73.143-73.143 73.143h-292.571c-40 0-73.143-33.143-73.143-73.143v-219.429c0-40 33.143-73.143 73.143-73.143h292.571c40 0 73.143 33.143 73.143 73.143zM950.857 146.286v219.429c0 40-33.143 73.143-73.143 73.143h-292.571c-40 0-73.143-33.143-73.143-73.143v-219.429c0-40 33.143-73.143 73.143-73.143h292.571c40 0 73.143 33.143 73.143 73.143z"],"width":950.8571428571428,"attrs":[],"isMulticolor":false,"isMulticolor2":false,"tags":["th-large"],"defaultCode":61449,"grid":14},"attrs":[],"properties":{"name":"groups","id":13,"order":14,"prevSize":28,"code":61449},"setIdx":0,"setId":5,"iconIdx":13},{"icon":{"paths":["M91.429 877.714h347.429v-658.286h-365.714v640c0 9.714 8.571 18.286 18.286 18.286zM877.714 859.429v-640h-365.714v658.286h347.429c9.714 0 18.286-8.571 18.286-18.286zM950.857 164.571v694.857c0 50.286-41.143 91.429-91.429 91.429h-768c-50.286 0-91.429-41.143-91.429-91.429v-694.857c0-50.286 41.143-91.429 91.429-91.429h768c50.286 0 91.429 41.143 91.429 91.429z"],"width":950.8571428571428,"attrs":[],"isMulticolor":false,"isMulticolor2":false,"tags":["columns"],"defaultCode":61659,"grid":14},"attrs":[],"properties":{"name":"columns","id":195,"order":15,"prevSize":28,"code":61659},"setIdx":0,"setId":5,"iconIdx":195},{"icon":{"paths":["M854 128q18 0 30 12t12 30v256q0 18-12 31t-30 13h-726q-18 0-30-13t-12-31v-256q0-18 12-30t30-12h726zM854 554q18 0 30 13t12 31v256q0 18-12 30t-30 12h-726q-18 0-30-12t-12-30v-256q0-18 12-31t30-13h726z"],"attrs":[],"isMulticolor":false,"isMulticolor2":false,"tags":[],"grid":24},"attrs":[],"properties":{"order":4,"ligatures":"view_agenda","name":"elements","id":832,"prevSize":24,"code":59650},"setIdx":3,"setId":2,"iconIdx":832},{"icon":{"paths":["M170 512v298h384v86h-384q-34 0-59-26t-25-60v-298h84zM854 470v-172h-342v172h342zM854 128q34 0 59 26t25 60v256q0 34-25 59t-59 25h-342q-34 0-60-25t-26-59v-256q0-34 26-60t60-26h342zM342 342v298h384v86h-384q-34 0-60-26t-26-60v-298h86z"],"attrs":[],"isMulticolor":false,"isMulticolor2":false,"tags":[],"grid":24},"attrs":[],"properties":{"order":13,"ligatures":"dynamic_feed","name":"tabs","id":1052,"prevSize":24,"code":59659},"setIdx":3,"setId":2,"iconIdx":1052}],"height":1024,"metadata":{"name":"atm"},"preferences":{"showGlyphs":true,"showQuickUse":true,"showQuickUse2":true,"showSVGs":true,"fontPref":{"prefix":"atm-icon-","metadata":{"fontFamily":"atm","majorVersion":1,"minorVersion":0},"metrics":{"emSize":1024,"baseline":6.25,"whitespace":50},"embed":false,"noie8":true,"ie7":false,"includeMetadata":false,"showSelector":true,"selector":"i","showMetrics":true,"showMetadata":true,"showVersion":true},"imagePref":{"prefix":"icon-","png":true,"useClassSelector":true,"color":0,"bgColor":16777215,"classSelector":".icon","name":"icomoon"},"historySize":50,"showCodes":false,"gridSize":16,"showLiga":true}}